{"stats":{"minecraft:mined":{"minecraft:grass_block":55,"minecraft:oxeye_daisy":1,"minecraft:red_stained_glass_pane":4,"minecraft:tall_seagrass":3,"minecraft:fire":4,"minecraft:iron_ore":31,"minecraft:cobbled_deepslate":2,"minecraft:small_amethyst_bud":1,"ecologics:walnut_log":68,"minecraft:deepslate_redstone_ore":1,"minecraft:red_bed":1,"minecraft:medium_amethyst_bud":1,"projectvibrantjourneys:twigs":2,"minecraft:poppy":3,"projectvibrantjourneys:natural_cobweb":1,"minecraft:cobblestone":11,"projectvibrantjourneys:fallen_leaves":2,"minecraft:wall_torch":1,"minecraft:birch_log":29,"minecraft:wheat":5,"minecraft:stone_brick_stairs":2,"minecraft:grass":158,"minecraft:oak_log":2,"projectvibrantjourneys:short_grass":55,"minecraft:dirt":26,"minecraft:oak_leaves":18,"minecraft:deepslate":51,"create:zinc_ore":1,"minecraft:tuff":1,"minecraft:deepslate_diamond_ore":5,"minecraft:dark_oak_log":1,"projectvibrantjourneys:rocks":3,"minecraft:allium":1,"minecraft:large_fern":4,"minecraft:hay_block":29,"minecraft:acacia_wood":18,"minecraft:andesite":103,"minecraft:stripped_spruce_log":8,"minecraft:peony":1,"minecraft:vine":2,"minecraft:deepslate_iron_ore":13,"minecraft:stone":123,"minecraft:white_tulip":5,"minecraft:glass_pane":1,"minecraft:dandelion":1,"minecraft:spruce_door":2,"minecraft:crafting_table":2,"minecraft:cornflower":2,"ecologics:walnut_leaves":64,"projectvibrantjourneys:mossy_rocks":1,"minecraft:andesite_wall":3,"minecraft:tall_grass":55,"minecraft:copper_ore":3,"minecraft:spruce_stairs":1,"minecraft:birch_planks":3,"minecraft:coarse_dirt":4,"minecraft:sweet_berry_bush":5,"minecraft:birch_leaves":5,"k_turrets:titanium_ore":3,"minecraft:coal_ore":6,"minecraft:gravel":11,"minecraft:dripstone_block":13,"ecologics:walnut_planks":2,"minecraft:stone_bricks":4,"minecraft:mossy_stone_bricks":1,"minecraft:fern":14},"minecraft:killed_by":{"minecraft:creeper":1,"minecraft:zombie":12,"minecraft:player":9,"minecraft:enderman":1,"hordes:zombie_player":19,"minecraft:slime":1,"minecraft:skeleton":4},"minecraft:picked_up":{"pointblank:ammo50bmg":64,"minecraft:iron_chestplate":8,"minecraft:wheat":4,"pointblank:spas12":8,"pointblank:ammo357":64,"minecraft:stone_brick_stairs":1,"minecraft:string":27,"minecraft:raw_copper":46,"minecraft:armor_stand":2,"minecraft:iron_leggings":10,"pointblank:ammo46":65,"minecraft:gold_nugget":2,"minecraft:cobbled_deepslate":86,"minecraft:bucket":3,"minecraft:spruce_planks":26,"minecraft:white_tulip":10,"minecraft:written_book":1,"minecraft:iron_pickaxe":7,"minecraft:iron_boots":4,"minecraft:golden_helmet":1,"minecraft:stick":81,"ecologics:walnut_log":68,"minecraft:torch":3,"minecraft:spruce_stairs":1,"minecraft:porkchop":23,"minecraft:pointed_dripstone":1,"pointblank:ammo45acp":64,"minecraft:andesite_wall":3,"minecraft:rotten_flesh":157,"farmersdelight:onion":6,"minecraft:cobblestone":290,"minecraft:birch_log":40,"ecologics:walnut_planks":67,"ecologics:walnut":85,"minecraft:feather":12,"minecraft:cooked_beef":47,"farmersdelight:rice":1,"minecraft:water_bucket":1,"minecraft:andesite":106,"projectvibrantjourneys:fallen_leaves":6,"minecraft:potato":110,"minecraft:flint":28,"minecraft:tuff":4,"create:raw_zinc":3,"minecraft:dirt":297,"minecraft:light_gray_concrete_powder":6,"minecraft:leather_boots":7,"minecraft:bone":55,"minecraft:bow":1,"minecraft:wheat_seeds":119,"better_mob_food:cooked_flesh":105,"pointblank:grenade40mm":64,"pointblank:ammo12gauge":370,"minecraft:oak_planks":31,"minecraft:cooked_porkchop":7,"car:canola_seeds":30,"minecraft:stripped_spruce_log":22,"minecraft:dark_oak_log":1,"alexsmobs:animal_dictionary":2,"minecraft:diamond":8,"minecraft:bone_meal":12,"minecraft:bread":101,"minecraft:emerald":4,"alexsmobs:maggot":1,"minecraft:oak_sapling":3,"minecraft:coarse_dirt":5,"minecraft:crafting_table":1,"minecraft:allium":1,"minecraft:chicken":6,"minecraft:leather_leggings":5,"minecraft:brown_mushroom":1,"minecraft:wooden_pickaxe":7,"usefulbackpacks:backpack_medium":2,"minecraft:shield":7,"minecraft:cornflower":4,"minecraft:red_bed":1,"minecraft:moss_carpet":2,"minecraft:wooden_sword":9,"minecraft:iron_shovel":7,"ecologics:walnut_sapling":55,"usefulbackpacks:backpack_small":1,"pointblank:ammo9mm":65,"minecraft:beef":50,"minecraft:poppy":3,"minecraft:birch_sapling":17,"pointblank:javelin_rocket":340,"minecraft:phantom_membrane":4,"minecraft:raw_iron":60,"pointblank:ammo545":65,"pointblank:gunmetal_nugget":237,"farmersdelight:tomato_seeds":10,"pointblank:ammo762x51":128,"minecraft:carrot":19,"minecraft:redstone":19,"pointblank:javelin":10,"minecraft:arrow":72,"pointblank:ak47":1,"minecraft:stone_shovel":2,"netherite_ore_mod:large_ancient_shard":1,"minecraft:peony":1,"minecraft:shears":2,"k_turrets:raw_titanium":39,"minecraft:hay_block":41,"pointblank:m134minigun":3,"minecraft:mutton":5,"minecraft:oxeye_daisy":1,"minecraft:glow_ink_sac":2,"minecraft:leather":23,"minecraft:acacia_wood":42,"minecraft:birch_planks":38,"pointblank:ammo338lapua":64,"minecraft:oak_log":5,"minecraft:golden_boots":5,"minecraft:gunpowder":40,"minecraft:cooked_mutton":67,"minecraft:apple":44,"pointblank:ammo762":128,"minecraft:stone_bricks":8,"minecraft:rabbit_hide":3,"minecraft:iron_ingot":101,"minecraft:stone_pickaxe":1,"minecraft:iron_sword":7,"minecraft:black_candle":1,"minecraft:milk_bucket":2,"pointblank:ammo556":66,"minecraft:sweet_berries":24,"minecraft:dandelion":1,"minecraft:dripstone_block":23,"minecraft:gravel":12,"minecraft:lava_bucket":1,"minecraft:spruce_log":8,"minecraft:spider_eye":11,"netherite_ore_mod:ancientdebrispiece":2,"minecraft:spruce_door":6,"usefulbackpacks:backpack_large":1,"minecraft:leather_helmet":5,"minecraft:pumpkin_seeds":1,"minecraft:slime_ball":4,"minecraft:stone_axe":2,"pointblank:ammo57":64,"minecraft:iron_helmet":8,"pointblank:ammo50ae":69,"minecraft:gray_wool":3,"pointblank:ammo68":129,"minecraft:baked_potato":7,"minecraft:coal":151,"minecraft:ender_pearl":3},"minecraft:custom":{"minecraft:interact_with_crafting_table":53,"minecraft:open_barrel":11,"minecraft:eat_cake_slice":7,"minecraft:leave_game":2,"minecraft:time_since_death":217,"minecraft:sprint_one_cm":537879,"minecraft:damage_blocked_by_shield":1246,"minecraft:drop":135,"minecraft:talked_to_villager":10,"minecraft:play_time":352595,"minecraft:deaths":52,"minecraft:jump":4487,"minecraft:walk_on_water_one_cm":17915,"minecraft:interact_with_furnace":75,"minecraft:sleep_in_bed":13,"minecraft:damage_dealt":14209,"minecraft:player_kills":12,"minecraft:crouch_one_cm":21769,"minecraft:mob_kills":145,"minecraft:interact_with_anvil":1,"minecraft:interact_with_campfire":12,"minecraft:damage_dealt_resisted":917,"minecraft:climb_one_cm":9515,"minecraft:walk_one_cm":1296519,"minecraft:sneak_time":11410,"minecraft:walk_under_water_one_cm":3743,"minecraft:total_world_time":352595,"minecraft:time_since_rest":243,"minecraft:damage_taken":18854,"minecraft:swim_one_cm":12166,"minecraft:fly_one_cm":636099,"minecraft:open_chest":247,"minecraft:fall_one_cm":144325},"minecraft:used":{"minecraft:moss_carpet":1,"minecraft:writable_book":1,"minecraft:chest":2,"minecraft:shield":19,"minecraft:iron_sword":196,"minecraft:rotten_flesh":57,"minecraft:iron_chestplate":1,"minecraft:carrot":2,"minecraft:tuff":1,"minecraft:milk_bucket":2,"minecraft:obsidian":20,"minecraft:birch_sapling":9,"minecraft:stone_brick_stairs":1,"minecraft:stone_bricks":1,"ecologics:walnut_planks":19,"minecraft:hay_block":3,"minecraft:written_book":2,"minecraft:sweet_berries":16,"minecraft:furnace":3,"minecraft:potato":8,"minecraft:golden_boots":1,"minecraft:spruce_door":4,"minecraft:oak_planks":2,"minecraft:stone_pickaxe":38,"minecraft:ender_pearl":2,"minecraft:wooden_pickaxe":116,"minecraft:crossbow":3,"minecraft:dripstone_block":7,"minecraft:bread":31,"minecraft:diamond_sword":6,"minecraft:wooden_sword":69,"minecraft:andesite":5,"minecraft:coarse_dirt":1,"minecraft:bone_meal":57,"minecraft:flint_and_steel":6,"minecraft:stone_shovel":56,"minecraft:spruce_planks":12,"minecraft:torch":1,"minecraft:dirt":54,"minecraft:spruce_stairs":1,"alexsmobs:maggot":1,"better_mob_food:cooked_flesh":3,"minecraft:beef":6,"ecologics:walnut":71,"minecraft:acacia_wood":6,"minecraft:cooked_beef":29,"minecraft:cobbled_deepslate":32,"minecraft:iron_leggings":4,"minecraft:wheat_seeds":4,"minecraft:cooked_mutton":2,"minecraft:birch_planks":9,"minecraft:baked_potato":2,"minecraft:spruce_sign":1,"ecologics:walnut_sapling":27,"minecraft:leather_boots":1,"minecraft:crafting_table":6,"minecraft:red_bed":1,"minecraft:apple":16,"minecraft:iron_pickaxe":250,"minecraft:leather_helmet":1,"minecraft:stone_axe":87,"minecraft:cobblestone":37,"minecraft:cooked_porkchop":5,"minecraft:black_candle":1,"alexsmobs:animal_dictionary":1,"minecraft:candle":4},"minecraft:dropped":{"minecraft:iron_sword":1,"pointblank:ammo556":5,"minecraft:porkchop":7,"minecraft:cooked_beef":15,"minecraft:glow_ink_sac":2,"pointblank:ak47":1,"minecraft:diamond":4,"minecraft:cooked_porkchop":7,"ecologics:walnut_sapling":6,"minecraft:leather":1,"minecraft:emerald":4,"minecraft:cornflower":2,"minecraft:mutton":2,"minecraft:wooden_sword":1,"minecraft:iron_pickaxe":3,"minecraft:bone":1,"usefulbackpacks:backpack_large":1,"minecraft:white_tulip":10,"minecraft:cobbled_deepslate":29,"minecraft:rotten_flesh":7,"minecraft:oak_planks":21,"pointblank:spas12":2,"minecraft:rabbit_hide":3,"minecraft:gunpowder":5,"k_turrets:raw_titanium":16,"minecraft:arrow":2,"minecraft:beef":2,"minecraft:written_book":1,"minecraft:light_gray_concrete_powder":6,"minecraft:water_bucket":1,"minecraft:bread":4,"minecraft:iron_ingot":24,"usefulbackpacks:backpack_medium":2,"minecraft:wheat_seeds":2,"minecraft:dripstone_block":7,"minecraft:iron_helmet":1,"minecraft:cobblestone":23,"minecraft:apple":10,"minecraft:coal":134,"minecraft:oxeye_daisy":1,"minecraft:lava_bucket":1,"minecraft:gray_wool":1,"minecraft:iron_leggings":1,"minecraft:string":2,"minecraft:bucket":5,"minecraft:redstone":14,"minecraft:raw_copper":31,"minecraft:tuff":1,"minecraft:raw_iron":15,"minecraft:iron_boots":1,"minecraft:shears":2,"minecraft:pumpkin_seeds":1,"pointblank:gunmetal_nugget":19,"minecraft:flint_and_steel":1,"minecraft:potato":36,"minecraft:shield":2,"minecraft:allium":1,"minecraft:peony":1,"minecraft:iron_chestplate":2,"pointblank:m134minigun":2},"minecraft:killed":{"minecraft:witch":1,"minecraft:spider":2,"minecraft:zombie_horse":2,"minecraft:skeleton":15,"minecraft:chicken":6,"minecraft:zombie_villager":2,"mutantmonsters:mutant_skeleton":1,"minecraft:creeper":3,"minecraft:sheep":2,"minecraft:trader_llama":1,"minecraft:zombie":60,"alexsmobs:fly":1,"minecraft:cow":4,"hordes:zombie_player":34,"minecraft:slime":2,"minecraft:phantom":2,"minecraft:enderman":3},"minecraft:broken":{"minecraft:golden_helmet":1,"minecraft:golden_boots":1,"minecraft:stone_pickaxe":1,"minecraft:wooden_sword":1,"minecraft:stone_axe":1,"minecraft:leather_helmet":1,"minecraft:wooden_pickaxe":2,"minecraft:iron_pickaxe":1},"minecraft:crafted":{"minecraft:oak_planks":8,"ecologics:walnut_planks":104,"minecraft:cooked_mutton":2,"minecraft:iron_boots":1,"minecraft:chest":2,"minecraft:cooked_porkchop":5,"minecraft:crafting_table":5,"minecraft:spruce_planks":52,"minecraft:wooden_pickaxe":1,"minecraft:baked_potato":20,"minecraft:iron_helmet":1,"minecraft:birch_planks":44,"minecraft:iron_chestplate":1,"minecraft:yellow_dye":1,"minecraft:shield":1,"minecraft:stick":24,"minecraft:iron_pickaxe":1,"minecraft:iron_ingot":14,"minecraft:stone_shovel":1,"minecraft:leather_leggings":4,"minecraft:leather_boots":1,"minecraft:furnace":3,"minecraft:bone_meal":63,"minecraft:flint_and_steel":1,"minecraft:wheat":234,"minecraft:cooked_beef":11,"minecraft:red_dye":3,"minecraft:diamond_sword":1,"minecraft:iron_sword":1,"minecraft:leather_helmet":1,"minecraft:stone_axe":1,"minecraft:bread":79,"minecraft:air":0,"minecraft:blue_dye":1,"minecraft:iron_leggings":1,"minecraft:acacia_planks":40}},"DataVersion":3465}