{"stats":{"minecraft:broken":{"minecraft:stone_pickaxe":1},"minecraft:crafted":{"minecraft:crafting_table":2,"minecraft:spruce_planks":64,"minecraft:wooden_pickaxe":1,"minecraft:stone_axe":1,"minecraft:spruce_trapdoor":2,"minecraft:stick":12,"minecraft:stone_pickaxe":2,"minecraft:stone_sword":1},"minecraft:custom":{"minecraft:mob_kills":16,"minecraft:interact_with_crafting_table":9,"minecraft:interact_with_grindstone":1,"minecraft:damage_dealt_resisted":28,"minecraft:leave_game":6,"minecraft:time_since_death":3095,"minecraft:sleep_in_bed":1,"minecraft:time_since_rest":3161,"minecraft:sprint_one_cm":76486,"minecraft:damage_taken":2564,"minecraft:walk_one_cm":141595,"minecraft:drop":18,"minecraft:damage_dealt":3379,"minecraft:swim_one_cm":11009,"minecraft:talked_to_villager":1,"minecraft:fly_one_cm":66803,"minecraft:open_chest":5,"minecraft:play_time":47739,"minecraft:crouch_one_cm":4875,"minecraft:sneak_time":2105,"minecraft:deaths":7,"minecraft:walk_under_water_one_cm":11587,"minecraft:jump":572,"minecraft:walk_on_water_one_cm":23506,"minecraft:total_world_time":47739,"minecraft:fall_one_cm":14653},"minecraft:used":{"minecraft:stone_sword":42,"minecraft:stone_pickaxe":86,"minecraft:spruce_planks":44,"minecraft:wooden_pickaxe":12,"minecraft:rotten_flesh":5,"minecraft:glow_berries":1,"minecraft:crafting_table":2,"minecraft:bread":13,"minecraft:wooden_sword":2,"minecraft:cobblestone":25,"minecraft:stone_axe":84,"minecraft:beef":4,"minecraft:sweet_berries":85,"minecraft:potato":6},"minecraft:dropped":{"minecraft:spruce_sign":1,"minecraft:stone_axe":1,"minecraft:stone_sword":1,"alexsmobs:animal_dictionary":1,"minecraft:crafting_table":1,"minecraft:coal":6,"pointblank:gunmetal_nugget":30,"minecraft:stick":5,"minecraft:shield":1,"minecraft:dark_oak_log":8,"minecraft:leather_boots":1,"minecraft:wooden_sword":1,"minecraft:spruce_log":8,"minecraft:sandstone":44,"minecraft:sand":13,"minecraft:stone_pickaxe":1,"minecraft:wooden_pickaxe":1,"minecraft:bone":2},"minecraft:killed_by":{"minecraft:player":3,"minecraft:skeleton":2,"minecraft:zombie":1,"hordes:zombie_player":1},"minecraft:picked_up":{"minecraft:crafting_table":5,"farmersdelight:rice":4,"minecraft:clay_ball":28,"minecraft:leather":3,"minecraft:wooden_pickaxe":4,"minecraft:shield":4,"minecraft:gunpowder":4,"minecraft:string":3,"minecraft:raw_copper":64,"minecraft:wooden_sword":4,"minecraft:leather_boots":2,"minecraft:bone":13,"minecraft:apple":1,"minecraft:wheat_seeds":3,"minecraft:spruce_planks":9,"minecraft:beef":6,"minecraft:stone_pickaxe":5,"minecraft:moss_block":3,"minecraft:birch_sapling":3,"minecraft:spruce_trapdoor":4,"farmersdelight:cabbage_seeds":4,"projectvibrantjourneys:light_brown_bark_mushroom":1,"minecraft:dark_oak_sapling":10,"minecraft:stick":28,"minecraft:raw_iron":9,"minecraft:sandstone":88,"minecraft:sweet_berries":61,"projectvibrantjourneys:bark_mushroom":2,"pointblank:gunmetal_nugget":158,"minecraft:sand":84,"minecraft:spruce_sapling":14,"minecraft:spruce_log":56,"minecraft:dark_oak_log":68,"minecraft:spider_eye":3,"alexsmobs:animal_dictionary":2,"minecraft:stone_sword":4,"minecraft:rotten_flesh":5,"minecraft:stone_axe":3,"k_turrets:raw_titanium":16,"farmersdelight:rope":1,"minecraft:spruce_sign":3,"alexsmobs:banana_slug_slime":6,"projectvibrantjourneys:orange_bark_mushroom":8,"minecraft:glow_berries":4,"minecraft:coal":111,"minecraft:cobblestone":79},"minecraft:mined":{"minecraft:spruce_planks":5,"minecraft:dark_oak_log":26,"minecraft:crafting_table":2,"minecraft:cave_vines_plant":3,"minecraft:chest":1,"projectvibrantjourneys:natural_cobweb":1,"minecraft:tall_grass":1,"minecraft:cobblestone":16,"projectvibrantjourneys:sandstone_rocks":1,"minecraft:spruce_leaves":7,"minecraft:moss_block":1,"minecraft:spawner":1,"minecraft:iron_ore":3,"minecraft:sweet_berry_bush":27,"minecraft:spruce_log":32,"projectvibrantjourneys:bones":2,"minecraft:birch_leaves":8,"minecraft:bee_nest":1,"k_turrets:titanium_ore":8,"minecraft:grass":4,"minecraft:coal_ore":49,"minecraft:cave_vines":4,"projectvibrantjourneys:short_grass":9,"minecraft:sand":11,"projectvibrantjourneys:pinecones":1,"minecraft:stone":19,"minecraft:fern":1},"minecraft:killed":{"hordes:zombie_player":1,"minecraft:zombie_villager":1,"minecraft:zombie":8,"alexsmobs:banana_slug":1,"minecraft:drowned":1,"minecraft:cow":4}},"DataVersion":3465}