{"stats":{"minecraft:crafted":{"minecraft:stone_shovel":1,"minecraft:leather_leggings":4,"minecraft:leather_boots":1,"ecologics:walnut_planks":20,"minecraft:furnace":2,"minecraft:cooked_mutton":2,"minecraft:flint_and_steel":1,"minecraft:wheat":108,"minecraft:cooked_beef":8,"minecraft:red_dye":3,"minecraft:crafting_table":5,"minecraft:spruce_planks":12,"minecraft:baked_potato":20,"minecraft:wooden_pickaxe":1,"minecraft:iron_sword":1,"minecraft:leather_helmet":1,"minecraft:stone_axe":1,"minecraft:bread":37,"minecraft:air":0,"minecraft:blue_dye":1,"minecraft:yellow_dye":1,"minecraft:stick":16,"minecraft:iron_pickaxe":1,"minecraft:iron_ingot":6,"minecraft:acacia_planks":40},"minecraft:custom":{"minecraft:interact_with_anvil":1,"minecraft:mob_kills":47,"minecraft:interact_with_crafting_table":29,"minecraft:open_barrel":5,"minecraft:interact_with_campfire":4,"minecraft:damage_dealt_resisted":283,"minecraft:eat_cake_slice":7,"minecraft:leave_game":1,"minecraft:time_since_death":18855,"minecraft:climb_one_cm":8607,"minecraft:sprint_one_cm":262237,"minecraft:walk_one_cm":486490,"minecraft:drop":41,"minecraft:talked_to_villager":6,"minecraft:play_time":146660,"minecraft:deaths":16,"minecraft:sneak_time":5095,"minecraft:walk_under_water_one_cm":2105,"minecraft:jump":1509,"minecraft:walk_on_water_one_cm":5007,"minecraft:total_world_time":146660,"minecraft:interact_with_furnace":39,"minecraft:sleep_in_bed":8,"minecraft:time_since_rest":18878,"minecraft:damage_taken":7006,"minecraft:damage_dealt":8748,"minecraft:swim_one_cm":7834,"minecraft:fly_one_cm":284152,"minecraft:player_kills":2,"minecraft:open_chest":90,"minecraft:crouch_one_cm":12307,"minecraft:fall_one_cm":57278},"minecraft:dropped":{"minecraft:iron_ingot":3,"minecraft:bread":4,"usefulbackpacks:backpack_medium":1,"minecraft:iron_sword":1,"minecraft:cooked_beef":15,"minecraft:cobblestone":17,"ecologics:walnut_sapling":4,"minecraft:leather":1,"minecraft:apple":10,"minecraft:coal":64,"minecraft:emerald":4,"minecraft:gray_wool":1,"minecraft:wooden_sword":1,"minecraft:iron_pickaxe":2,"minecraft:string":1,"minecraft:bucket":4,"minecraft:bone":1,"minecraft:raw_copper":31,"minecraft:rotten_flesh":1,"minecraft:oak_planks":17,"minecraft:shears":1,"pointblank:gunmetal_nugget":10,"minecraft:rabbit_hide":3,"minecraft:potato":11,"minecraft:shield":2,"k_turrets:raw_titanium":16,"minecraft:arrow":2,"minecraft:beef":2,"minecraft:written_book":1},"minecraft:broken":{"minecraft:wooden_sword":1,"minecraft:stone_axe":1},"minecraft:killed":{"hordes:zombie_player":17,"minecraft:phantom":1,"minecraft:skeleton":3,"minecraft:chicken":6,"minecraft:creeper":1,"minecraft:sheep":2,"minecraft:zombie":11,"minecraft:cow":4},"minecraft:killed_by":{"minecraft:player":2,"minecraft:creeper":1,"hordes:zombie_player":5,"minecraft:zombie":4},"minecraft:picked_up":{"minecraft:crafting_table":1,"minecraft:wheat":4,"minecraft:chicken":6,"minecraft:leather_leggings":3,"minecraft:wooden_pickaxe":2,"usefulbackpacks:backpack_medium":1,"minecraft:stone_brick_stairs":1,"minecraft:shield":3,"minecraft:cornflower":1,"minecraft:string":1,"minecraft:red_bed":1,"minecraft:raw_copper":35,"minecraft:wooden_sword":8,"minecraft:iron_shovel":6,"ecologics:walnut_sapling":16,"minecraft:gold_nugget":2,"usefulbackpacks:backpack_small":1,"minecraft:cobbled_deepslate":2,"minecraft:bucket":2,"minecraft:beef":40,"minecraft:written_book":1,"minecraft:poppy":3,"minecraft:iron_pickaxe":5,"minecraft:stick":43,"minecraft:raw_iron":37,"ecologics:walnut_log":7,"minecraft:torch":2,"minecraft:spruce_stairs":1,"minecraft:porkchop":12,"pointblank:gunmetal_nugget":37,"farmersdelight:tomato_seeds":10,"minecraft:pointed_dripstone":1,"minecraft:carrot":15,"minecraft:redstone":5,"minecraft:andesite_wall":3,"minecraft:rotten_flesh":25,"minecraft:arrow":49,"minecraft:stone_shovel":2,"farmersdelight:onion":6,"minecraft:shears":1,"k_turrets:raw_titanium":39,"minecraft:hay_block":24,"minecraft:mutton":3,"minecraft:cobblestone":82,"ecologics:walnut_planks":2,"ecologics:walnut":11,"minecraft:feather":12,"minecraft:cooked_beef":43,"minecraft:andesite":6,"projectvibrantjourneys:fallen_leaves":4,"minecraft:leather":15,"minecraft:acacia_wood":42,"minecraft:potato":85,"minecraft:flint":2,"minecraft:tuff":1,"create:raw_zinc":2,"minecraft:gunpowder":6,"minecraft:dirt":52,"minecraft:leather_boots":5,"minecraft:cooked_mutton":1,"minecraft:bone":18,"minecraft:apple":44,"minecraft:stone_bricks":8,"minecraft:bow":1,"minecraft:wheat_seeds":100,"better_mob_food:cooked_flesh":1,"minecraft:rabbit_hide":3,"minecraft:iron_ingot":34,"minecraft:oak_planks":17,"minecraft:iron_sword":4,"minecraft:black_candle":1,"minecraft:milk_bucket":2,"minecraft:sweet_berries":24,"car:canola_seeds":30,"minecraft:dandelion":1,"minecraft:dripstone_block":9,"minecraft:stripped_spruce_log":22,"minecraft:spruce_log":8,"minecraft:spider_eye":2,"alexsmobs:animal_dictionary":2,"minecraft:leather_helmet":5,"minecraft:slime_ball":3,"minecraft:diamond":2,"minecraft:stone_axe":2,"minecraft:emerald":4,"minecraft:gray_wool":3,"minecraft:bread":21,"minecraft:baked_potato":7,"minecraft:coal":81},"minecraft:mined":{"create:zinc_ore":1,"minecraft:deepslate_diamond_ore":1,"projectvibrantjourneys:rocks":3,"minecraft:grass_block":52,"minecraft:red_stained_glass_pane":4,"minecraft:large_fern":3,"minecraft:hay_block":12,"minecraft:tall_seagrass":3,"minecraft:iron_ore":23,"minecraft:fire":4,"minecraft:acacia_wood":18,"minecraft:andesite":3,"minecraft:stripped_spruce_log":8,"minecraft:deepslate_iron_ore":6,"minecraft:vine":2,"ecologics:walnut_log":7,"minecraft:stone":40,"minecraft:deepslate_redstone_ore":1,"minecraft:red_bed":1,"minecraft:dandelion":1,"minecraft:crafting_table":2,"minecraft:cornflower":1,"projectvibrantjourneys:twigs":2,"minecraft:poppy":3,"ecologics:walnut_leaves":2,"minecraft:andesite_wall":3,"projectvibrantjourneys:mossy_rocks":1,"projectvibrantjourneys:natural_cobweb":1,"minecraft:tall_grass":38,"minecraft:cobblestone":9,"projectvibrantjourneys:fallen_leaves":2,"minecraft:spruce_stairs":1,"minecraft:coarse_dirt":1,"minecraft:wheat":5,"minecraft:sweet_berry_bush":5,"minecraft:birch_leaves":2,"minecraft:stone_brick_stairs":2,"k_turrets:titanium_ore":3,"minecraft:grass":156,"minecraft:coal_ore":6,"projectvibrantjourneys:short_grass":49,"minecraft:dripstone_block":6,"minecraft:dirt":2,"minecraft:stone_bricks":4,"minecraft:deepslate":2,"minecraft:oak_leaves":7,"minecraft:fern":13},"minecraft:used":{"minecraft:writable_book":1,"minecraft:flint_and_steel":6,"minecraft:stone_shovel":56,"minecraft:iron_sword":86,"minecraft:rotten_flesh":5,"minecraft:dirt":52,"minecraft:obsidian":20,"minecraft:milk_bucket":2,"better_mob_food:cooked_flesh":1,"minecraft:stone_brick_stairs":1,"minecraft:stone_bricks":1,"minecraft:sweet_berries":7,"minecraft:written_book":2,"minecraft:furnace":2,"ecologics:walnut":11,"minecraft:acacia_wood":6,"minecraft:potato":8,"minecraft:cooked_beef":26,"minecraft:cobbled_deepslate":2,"minecraft:wheat_seeds":4,"minecraft:cooked_mutton":1,"minecraft:baked_potato":2,"minecraft:wooden_pickaxe":51,"minecraft:spruce_sign":1,"minecraft:leather_boots":1,"minecraft:red_bed":1,"minecraft:crafting_table":6,"minecraft:apple":16,"minecraft:bread":20,"minecraft:iron_pickaxe":65,"minecraft:leather_helmet":1,"minecraft:stone_axe":87,"minecraft:wooden_sword":61,"minecraft:cobblestone":33,"minecraft:andesite":2,"minecraft:black_candle":1,"alexsmobs:animal_dictionary":1,"minecraft:candle":1}},"DataVersion":3465}