{"stats":{"minecraft:mined":{"minecraft:grass_block":1,"minecraft:iron_ore":24,"minecraft:fire":3,"minecraft:fletching_table":1,"minecraft:pointed_dripstone":1,"minecraft:light_gray_concrete":13,"minecraft:deepslate_redstone_ore":9,"minecraft:red_bed":1,"minecraft:torch":3,"minecraft:blast_furnace":2,"minecraft:cobblestone":10,"minecraft:oak_planks":1,"minecraft:damaged_anvil":1,"minecraft:wall_torch":1,"minecraft:seagrass":2,"minecraft:white_terracotta":1,"minecraft:birch_log":9,"minecraft:grass":11,"minecraft:oak_log":11,"projectvibrantjourneys:short_grass":12,"minecraft:sand":31,"minecraft:dirt":6,"minecraft:oak_leaves":1,"minecraft:deepslate":61,"create:zinc_ore":3,"minecraft:tuff":3,"minecraft:deepslate_diamond_ore":6,"farmersdelight:wild_carrots":5,"projectvibrantjourneys:rocks":2,"minecraft:spruce_leaves":6,"minecraft:large_fern":2,"minecraft:stripped_spruce_log":7,"minecraft:deepslate_iron_ore":24,"minecraft:stone":326,"minecraft:smithing_table":1,"minecraft:spruce_door":1,"minecraft:crafting_table":1,"ecologics:walnut_leaves":3,"minecraft:tall_grass":22,"minecraft:copper_ore":11,"minecraft:deepslate_coal_ore":7,"minecraft:lily_pad":1,"minecraft:beehive":1,"minecraft:sweet_berry_bush":1,"minecraft:spruce_log":1,"minecraft:birch_leaves":9,"k_turrets:titanium_ore":21,"minecraft:coal_ore":112,"minecraft:gravel":41,"minecraft:dripstone_block":20,"ecologics:walnut_planks":1,"minecraft:acacia_planks":1,"minecraft:stone_bricks":3,"minecraft:mossy_stone_bricks":3},"minecraft:killed_by":{"minecraft:zombie":7,"minecraft:player":10,"hordes:zombie_player":15,"alexsmobs:bison":1,"minecraft:slime":1,"mutantmonsters:mutant_skeleton":2,"minecraft:skeleton":3},"minecraft:picked_up":{"minecraft:iron_chestplate":11,"minecraft:wheat":18,"pointblank:spas12":8,"minecraft:suspicious_stew":4,"minecraft:lead":2,"minecraft:smithing_table":1,"minecraft:stone_slab":3,"minecraft:potion":6,"minecraft:string":23,"minecraft:raw_copper":261,"minecraft:iron_leggings":8,"minecraft:armor_stand":1,"minecraft:gold_nugget":24,"minecraft:cobbled_deepslate":118,"minecraft:bucket":19,"minecraft:spruce_planks":38,"minecraft:white_tulip":5,"minecraft:iron_pickaxe":15,"minecraft:melon_slice":24,"minecraft:iron_boots":5,"minecraft:stick":48,"minecraft:beehive":1,"minecraft:torch":94,"pointblank:smaw_rocket":476,"minecraft:porkchop":49,"minecraft:golden_axe":1,"minecraft:pointed_dripstone":21,"minecraft:rotten_flesh":99,"minecraft:white_terracotta":3,"minecraft:snowball":1,"minecraft:cobblestone":872,"minecraft:birch_log":27,"ecologics:walnut_planks":68,"ecologics:walnut":7,"minecraft:feather":12,"minecraft:cooked_beef":15,"farmersdelight:rice":2,"minecraft:water_bucket":4,"projectvibrantjourneys:fallen_leaves":5,"minecraft:brown_wool":1,"minecraft:golden_leggings":4,"minecraft:potato":78,"alexsmobs:bear_fur":1,"minecraft:flint":17,"minecraft:light_gray_dye":6,"minecraft:tuff":8,"create:raw_zinc":12,"minecraft:dirt":222,"minecraft:lapis_lazuli":2,"minecraft:light_gray_concrete_powder":12,"minecraft:bone":55,"minecraft:acacia_planks":144,"minecraft:bow":2,"minecraft:wheat_seeds":16,"better_mob_food:cooked_flesh":104,"pointblank:ammo12gauge":550,"minecraft:rabbit":18,"minecraft:mossy_stone_bricks":3,"minecraft:fletching_table":3,"minecraft:oak_planks":217,"minecraft:cooked_porkchop":31,"minecraft:sand":62,"minecraft:stripped_spruce_log":7,"minecraft:dark_oak_log":1,"alexsmobs:animal_dictionary":2,"minecraft:light_gray_concrete":33,"minecraft:diamond":17,"minecraft:bone_meal":6,"minecraft:golden_apple":2,"minecraft:bread":434,"minecraft:emerald":24,"minecraft:oak_sapling":32,"minecraft:crafting_table":2,"minecraft:coarse_dirt":3,"minecraft:allium":7,"minecraft:chicken":25,"usefulbackpacks:backpack_medium":10,"minecraft:shield":11,"minecraft:cornflower":4,"minecraft:red_bed":1,"minecraft:iron_axe":3,"minecraft:flint_and_steel":4,"minecraft:iron_shovel":13,"ecologics:walnut_sapling":16,"usefulbackpacks:backpack_small":5,"minecraft:beef":165,"minecraft:iron_nugget":15,"minecraft:light_gray_wool":2,"minecraft:birch_sapling":8,"pointblank:javelin_rocket":72,"minecraft:phantom_membrane":7,"minecraft:raw_iron":134,"minecraft:oak_door":3,"pointblank:gunmetal_nugget":424,"minecraft:carrot":19,"minecraft:redstone":112,"pointblank:javelin":2,"minecraft:dark_oak_planks":8,"minecraft:diamond_chestplate":2,"minecraft:arrow":47,"pointblank:ak47":4,"pointblank:smaw":9,"minecraft:shears":10,"k_turrets:raw_titanium":110,"pointblank:m134minigun":1,"minecraft:gold_ingot":6,"minecraft:mutton":11,"minecraft:white_wool":29,"minecraft:oxeye_daisy":1,"minecraft:stripped_oak_log":2,"minecraft:glow_ink_sac":2,"philipsruins:bone_chunk":12,"minecraft:leather":67,"minecraft:birch_planks":78,"minecraft:oak_log":12,"minecraft:golden_boots":1,"minecraft:gunpowder":14,"minecraft:cooked_mutton":5,"minecraft:apple":14,"minecraft:stone_bricks":3,"minecraft:rabbit_hide":12,"minecraft:iron_ingot":91,"minecraft:stone_pickaxe":3,"minecraft:iron_ore":2,"minecraft:iron_sword":11,"pointblank:m1014":4,"minecraft:milk_bucket":3,"minecraft:sweet_berries":3,"minecraft:pumpkin":12,"minecraft:dandelion":14,"minecraft:dripstone_block":65,"minecraft:gravel":66,"minecraft:lava_bucket":2,"minecraft:spruce_sapling":6,"minecraft:blast_furnace":2,"minecraft:spruce_log":26,"minecraft:spider_eye":16,"minecraft:spruce_door":4,"usefulbackpacks:backpack_large":1,"minecraft:pumpkin_seeds":4,"minecraft:slime_ball":2,"minecraft:stone_axe":3,"minecraft:iron_helmet":9,"minecraft:gray_wool":1,"projectvibrantjourneys:orange_bark_mushroom":1,"minecraft:baked_potato":9,"minecraft:damaged_anvil":3,"minecraft:black_wool":6,"minecraft:coal":968},"minecraft:custom":{"minecraft:interact_with_crafting_table":51,"minecraft:open_barrel":2,"minecraft:leave_game":4,"minecraft:time_since_death":12702,"minecraft:sprint_one_cm":906827,"minecraft:damage_blocked_by_shield":714,"minecraft:drop":135,"minecraft:talked_to_villager":21,"minecraft:play_time":355199,"minecraft:deaths":42,"minecraft:jump":6558,"minecraft:walk_on_water_one_cm":16255,"minecraft:interact_with_furnace":67,"minecraft:sleep_in_bed":12,"minecraft:damage_dealt":11439,"minecraft:player_kills":8,"minecraft:crouch_one_cm":61243,"minecraft:interact_with_smoker":17,"minecraft:interact_with_smithing_table":1,"minecraft:mob_kills":236,"minecraft:interact_with_campfire":31,"minecraft:damage_dealt_resisted":957,"minecraft:climb_one_cm":8883,"minecraft:walk_one_cm":1197013,"minecraft:sneak_time":21981,"minecraft:walk_under_water_one_cm":13380,"minecraft:interact_with_blast_furnace":5,"minecraft:total_world_time":355199,"minecraft:time_since_rest":12745,"minecraft:damage_taken":16509,"minecraft:swim_one_cm":15378,"minecraft:fly_one_cm":1147099,"minecraft:open_chest":66,"minecraft:fall_one_cm":172551},"minecraft:used":{"minecraft:iron_shovel":77,"minecraft:shield":17,"minecraft:iron_sword":118,"minecraft:rotten_flesh":18,"minecraft:iron_chestplate":2,"minecraft:mutton":2,"minecraft:carrot":11,"minecraft:allium":1,"minecraft:tuff":2,"minecraft:beehive":1,"minecraft:milk_bucket":1,"ecologics:walnut_planks":1,"minecraft:furnace":5,"minecraft:potato":16,"minecraft:spruce_door":3,"minecraft:stone_pickaxe":93,"minecraft:oak_planks":4,"minecraft:wooden_pickaxe":25,"minecraft:blast_furnace":2,"minecraft:dripstone_block":6,"minecraft:bread":105,"minecraft:gravel":4,"minecraft:wooden_sword":55,"minecraft:cooked_rabbit":12,"minecraft:coarse_dirt":1,"minecraft:bone_meal":4,"minecraft:flint_and_steel":3,"minecraft:spruce_planks":19,"minecraft:cooked_chicken":2,"minecraft:torch":84,"minecraft:dirt":16,"minecraft:iron_axe":53,"minecraft:iron_boots":1,"better_mob_food:cooked_flesh":12,"ecologics:walnut":2,"minecraft:cooked_beef":5,"minecraft:cobbled_deepslate":1,"minecraft:acacia_planks":9,"minecraft:cooked_mutton":2,"minecraft:water_bucket":10,"minecraft:birch_planks":1,"minecraft:baked_potato":27,"minecraft:crafting_table":10,"minecraft:red_bed":1,"minecraft:white_bed":1,"minecraft:light_gray_concrete_powder":13,"minecraft:apple":11,"minecraft:iron_pickaxe":555,"minecraft:stone_axe":9,"minecraft:cobblestone":233,"minecraft:cooked_porkchop":16,"minecraft:bucket":12},"minecraft:dropped":{"minecraft:iron_sword":2,"pointblank:ammo556":66,"minecraft:cooked_beef":17,"pointblank:ak47":1,"minecraft:diamond":2,"ecologics:walnut_sapling":1,"minecraft:leather":2,"projectvibrantjourneys:orange_bark_mushroom":1,"minecraft:flint":6,"minecraft:dirt":56,"minecraft:cornflower":2,"projectvibrantjourneys:fallen_leaves":1,"usefulbackpacks:backpack_small":1,"minecraft:wooden_sword":1,"minecraft:bone_meal":9,"minecraft:iron_pickaxe":2,"minecraft:birch_log":11,"minecraft:bone":1,"usefulbackpacks:backpack_large":1,"pointblank:javelin_rocket":122,"minecraft:rotten_flesh":16,"minecraft:oak_planks":6,"minecraft:cooked_mutton":65,"pointblank:spas12":5,"pointblank:ammo762x51":128,"pointblank:ammo357":64,"pointblank:grenade40mm":64,"pointblank:javelin":3,"minecraft:golden_boots":1,"pointblank:ammo545":65,"minecraft:bread":92,"minecraft:iron_ingot":35,"minecraft:wheat_seeds":12,"pointblank:ammo50ae":69,"minecraft:iron_helmet":3,"pointblank:ammo9mm":65,"pointblank:ammo762":128,"pointblank:ammo338lapua":64,"minecraft:milk_bucket":3,"pointblank:ammo50bmg":64,"minecraft:iron_leggings":2,"minecraft:iron_shovel":2,"pointblank:ammo12gauge":239,"minecraft:string":5,"pointblank:ammo45acp":64,"minecraft:spruce_sapling":2,"minecraft:sweet_berries":3,"minecraft:tuff":1,"minecraft:light_gray_wool":1,"pointblank:ammo68":129,"minecraft:pumpkin_seeds":1,"pointblank:gunmetal_nugget":48,"pointblank:ammo57":64,"pointblank:ammo46":65,"minecraft:shield":2,"minecraft:diamond_chestplate":1,"minecraft:allium":2,"minecraft:spruce_planks":39,"minecraft:iron_chestplate":2,"pointblank:m134minigun":2,"better_mob_food:cooked_flesh":28,"minecraft:stone_bricks":3,"minecraft:spruce_log":7,"minecraft:stone_pickaxe":1,"minecraft:wooden_pickaxe":2},"minecraft:broken":{"minecraft:iron_pickaxe":1},"minecraft:killed":{"minecraft:spider":5,"minecraft:zombie_horse":1,"minecraft:skeleton":8,"minecraft:chicken":3,"minecraft:pig":11,"alexsmobs:grizzly_bear":1,"minecraft:zombie_villager":6,"minecraft:creeper":5,"minecraft:sheep":3,"minecraft:zombie":96,"alexsmobs:fly":2,"minecraft:cow":28,"hordes:zombie_player":43,"minecraft:phantom":16,"alexsmobs:blue_jay":1,"minecraft:wandering_trader":1,"alexsmobs:cockroach":1,"alexsmobs:crow":2,"minecraft:villager":1},"minecraft:crafted":{"minecraft:light_gray_concrete_powder":24,"minecraft:oak_planks":52,"minecraft:cooked_chicken":2,"usefulbackpacks:backpack_small":2,"minecraft:iron_boots":1,"minecraft:cooked_rabbit":12,"minecraft:cooked_porkchop":16,"minecraft:crafting_table":8,"minecraft:spruce_planks":32,"minecraft:wooden_pickaxe":1,"minecraft:baked_potato":35,"minecraft:iron_helmet":1,"minecraft:birch_planks":36,"minecraft:iron_chestplate":1,"minecraft:stick":96,"minecraft:iron_pickaxe":1,"usefulbackpacks:backpack_large":1,"minecraft:iron_ingot":85,"minecraft:light_gray_dye":6,"minecraft:shears":2,"minecraft:furnace":5,"minecraft:bone_meal":15,"minecraft:iron_axe":1,"minecraft:stone_pickaxe":1,"usefulbackpacks:backpack_medium":1,"minecraft:cooked_beef":41,"minecraft:stone_axe":1,"minecraft:air":0,"minecraft:iron_shovel":1,"minecraft:iron_leggings":1,"minecraft:white_bed":1,"minecraft:torch":80}},"DataVersion":3465}