{"stats":{"minecraft:mined":{"create:zinc_ore":3,"minecraft:tuff":2,"minecraft:deepslate_diamond_ore":6,"projectvibrantjourneys:rocks":1,"minecraft:large_fern":1,"minecraft:iron_ore":19,"minecraft:stripped_spruce_log":7,"minecraft:fletching_table":1,"minecraft:pointed_dripstone":1,"minecraft:deepslate_iron_ore":22,"minecraft:stone":293,"minecraft:smithing_table":1,"minecraft:deepslate_redstone_ore":6,"minecraft:red_bed":1,"minecraft:crafting_table":1,"minecraft:torch":3,"minecraft:blast_furnace":2,"minecraft:tall_grass":12,"minecraft:copper_ore":11,"minecraft:cobblestone":9,"minecraft:deepslate_coal_ore":1,"minecraft:damaged_anvil":1,"minecraft:white_terracotta":1,"minecraft:beehive":1,"minecraft:sweet_berry_bush":1,"k_turrets:titanium_ore":21,"minecraft:grass":6,"minecraft:oak_log":10,"minecraft:coal_ore":97,"projectvibrantjourneys:short_grass":4,"minecraft:dripstone_block":12,"minecraft:dirt":2,"minecraft:deepslate":47},"minecraft:killed_by":{"minecraft:player":2,"hordes:zombie_player":8,"minecraft:skeleton":2,"minecraft:zombie":5},"minecraft:picked_up":{"minecraft:crafting_table":2,"minecraft:coarse_dirt":1,"minecraft:wheat":18,"minecraft:chicken":24,"minecraft:suspicious_stew":4,"minecraft:smithing_table":1,"minecraft:potion":6,"usefulbackpacks:backpack_medium":6,"minecraft:shield":10,"minecraft:string":3,"minecraft:red_bed":1,"minecraft:raw_copper":261,"minecraft:iron_shovel":1,"ecologics:walnut_sapling":1,"minecraft:gold_nugget":24,"minecraft:cobbled_deepslate":74,"minecraft:bucket":18,"minecraft:beef":144,"minecraft:iron_pickaxe":11,"minecraft:melon_slice":24,"minecraft:phantom_membrane":3,"minecraft:beehive":1,"minecraft:stick":3,"minecraft:raw_iron":109,"minecraft:oak_door":3,"minecraft:torch":83,"minecraft:porkchop":36,"pointblank:gunmetal_nugget":178,"minecraft:pointed_dripstone":21,"minecraft:carrot":5,"minecraft:redstone":42,"minecraft:arrow":6,"minecraft:rotten_flesh":29,"minecraft:shears":6,"k_turrets:raw_titanium":110,"minecraft:gold_ingot":6,"minecraft:white_terracotta":3,"minecraft:mutton":4,"minecraft:snowball":1,"minecraft:white_wool":12,"minecraft:cobblestone":729,"minecraft:stripped_oak_log":2,"ecologics:walnut":3,"minecraft:feather":12,"minecraft:cooked_beef":15,"philipsruins:bone_chunk":12,"minecraft:leather":45,"minecraft:potato":18,"minecraft:tuff":5,"create:raw_zinc":12,"minecraft:oak_log":10,"minecraft:lapis_lazuli":2,"minecraft:dirt":13,"minecraft:bone":31,"minecraft:apple":14,"minecraft:wheat_seeds":5,"minecraft:iron_ore":2,"minecraft:rabbit_hide":12,"minecraft:stone_pickaxe":3,"minecraft:iron_ingot":5,"minecraft:fletching_table":3,"minecraft:rabbit":18,"minecraft:iron_sword":10,"minecraft:oak_planks":203,"minecraft:milk_bucket":3,"minecraft:cooked_porkchop":24,"minecraft:pumpkin":12,"minecraft:sweet_berries":3,"minecraft:dandelion":14,"minecraft:dripstone_block":51,"minecraft:stripped_spruce_log":7,"minecraft:blast_furnace":2,"alexsmobs:animal_dictionary":2,"minecraft:spider_eye":9,"minecraft:slime_ball":2,"minecraft:diamond":13,"minecraft:stone_axe":3,"minecraft:gray_wool":1,"minecraft:emerald":24,"minecraft:bread":11,"projectvibrantjourneys:orange_bark_mushroom":1,"minecraft:oak_sapling":15,"minecraft:damaged_anvil":3,"minecraft:coal":597},"minecraft:used":{"minecraft:shield":12,"minecraft:iron_sword":105,"minecraft:cooked_chicken":2,"minecraft:rotten_flesh":3,"minecraft:torch":60,"minecraft:dirt":2,"minecraft:mutton":2,"minecraft:tuff":2,"minecraft:beehive":1,"minecraft:milk_bucket":1,"minecraft:furnace":5,"minecraft:cooked_beef":3,"minecraft:stone_pickaxe":93,"minecraft:oak_planks":3,"minecraft:wooden_pickaxe":25,"minecraft:crafting_table":7,"minecraft:red_bed":1,"minecraft:blast_furnace":2,"minecraft:dripstone_block":6,"minecraft:apple":11,"minecraft:bread":21,"minecraft:iron_pickaxe":440,"minecraft:stone_axe":9,"minecraft:wooden_sword":55,"minecraft:cobblestone":136,"minecraft:cooked_porkchop":5,"minecraft:cooked_rabbit":12,"minecraft:coarse_dirt":1},"minecraft:custom":{"minecraft:interact_with_smithing_table":1,"minecraft:mob_kills":50,"minecraft:interact_with_crafting_table":25,"minecraft:open_barrel":1,"minecraft:damage_dealt_resisted":174,"minecraft:leave_game":2,"minecraft:time_since_death":11872,"minecraft:climb_one_cm":7694,"minecraft:sprint_one_cm":373804,"minecraft:walk_one_cm":512895,"minecraft:damage_blocked_by_shield":339,"minecraft:drop":22,"minecraft:talked_to_villager":16,"minecraft:play_time":140619,"minecraft:deaths":20,"minecraft:sneak_time":11024,"minecraft:walk_under_water_one_cm":2925,"minecraft:jump":2212,"minecraft:interact_with_blast_furnace":4,"minecraft:walk_on_water_one_cm":6838,"minecraft:total_world_time":140619,"minecraft:interact_with_furnace":38,"minecraft:sleep_in_bed":8,"minecraft:time_since_rest":11898,"minecraft:damage_taken":6809,"minecraft:damage_dealt":7760,"minecraft:swim_one_cm":6903,"minecraft:fly_one_cm":374598,"minecraft:player_kills":2,"minecraft:open_chest":34,"minecraft:crouch_one_cm":31139,"minecraft:interact_with_smoker":17,"minecraft:fall_one_cm":53091},"minecraft:dropped":{"minecraft:iron_ingot":3,"minecraft:iron_sword":1,"minecraft:wheat_seeds":3,"minecraft:cooked_beef":17,"minecraft:diamond":1,"ecologics:walnut_sapling":1,"projectvibrantjourneys:orange_bark_mushroom":1,"minecraft:milk_bucket":3,"usefulbackpacks:backpack_small":1,"minecraft:wooden_sword":1,"minecraft:iron_pickaxe":2,"minecraft:iron_shovel":2,"minecraft:sweet_berries":3,"minecraft:shield":1,"minecraft:wooden_pickaxe":1},"minecraft:broken":{"minecraft:iron_pickaxe":1},"minecraft:killed":{"hordes:zombie_player":11,"minecraft:spider":2,"minecraft:skeleton":1,"minecraft:chicken":2,"minecraft:pig":8,"minecraft:zombie_villager":2,"minecraft:zombie":3,"minecraft:cow":19},"minecraft:crafted":{"minecraft:oak_planks":48,"minecraft:cooked_chicken":2,"usefulbackpacks:backpack_small":2,"minecraft:furnace":5,"minecraft:iron_boots":1,"minecraft:stone_pickaxe":1,"usefulbackpacks:backpack_medium":1,"minecraft:cooked_rabbit":12,"minecraft:cooked_beef":35,"minecraft:cooked_porkchop":16,"minecraft:crafting_table":5,"minecraft:spruce_planks":28,"minecraft:wooden_pickaxe":1,"minecraft:iron_helmet":1,"minecraft:stone_axe":1,"minecraft:air":0,"minecraft:iron_chestplate":1,"minecraft:stick":80,"minecraft:iron_ingot":70,"minecraft:iron_leggings":1,"minecraft:torch":80,"minecraft:shears":1}},"DataVersion":3465}