{"stats":{"minecraft:broken":{"minecraft:stone_pickaxe":1,"minecraft:wooden_pickaxe":1},"minecraft:crafted":{"minecraft:wooden_shovel":1,"minecraft:crafting_table":7,"minecraft:spruce_planks":112,"minecraft:wooden_pickaxe":2,"minecraft:furnace":2,"minecraft:stone_axe":1,"minecraft:cooked_mutton":2,"minecraft:air":0,"minecraft:iron_axe":1,"minecraft:stick":24,"minecraft:iron_ingot":4,"minecraft:stone_pickaxe":4,"minecraft:wooden_axe":1,"minecraft:stone_sword":2,"minecraft:dark_oak_planks":16},"minecraft:custom":{"minecraft:interact_with_furnace":5,"minecraft:mob_kills":14,"minecraft:interact_with_crafting_table":19,"minecraft:damage_dealt_resisted":71,"minecraft:interact_with_grindstone":1,"minecraft:leave_game":3,"minecraft:time_since_death":26601,"minecraft:sleep_in_bed":1,"minecraft:time_since_rest":18422,"minecraft:sprint_one_cm":51003,"minecraft:damage_taken":1113,"minecraft:walk_one_cm":119657,"minecraft:damage_blocked_by_shield":45,"minecraft:drop":24,"minecraft:damage_dealt":1649,"minecraft:swim_one_cm":17342,"minecraft:talked_to_villager":3,"minecraft:player_kills":3,"minecraft:fly_one_cm":29848,"minecraft:open_chest":2,"minecraft:crouch_one_cm":20641,"minecraft:play_time":54341,"minecraft:deaths":3,"minecraft:sneak_time":9390,"minecraft:walk_under_water_one_cm":55681,"minecraft:jump":484,"minecraft:walk_on_water_one_cm":24885,"minecraft:total_world_time":54341,"minecraft:fall_one_cm":5272},"minecraft:used":{"minecraft:cooked_mutton":2,"minecraft:stone_sword":3,"minecraft:stone_pickaxe":291,"minecraft:wooden_pickaxe":74,"minecraft:spruce_planks":27,"minecraft:shield":2,"minecraft:sandstone":2,"minecraft:wooden_shovel":38,"minecraft:rotten_flesh":4,"minecraft:sand":28,"minecraft:crafting_table":8,"minecraft:wooden_axe":53,"minecraft:iron_axe":79,"minecraft:bread":4,"minecraft:stone_axe":5,"minecraft:cobblestone":99,"minecraft:furnace":2},"minecraft:dropped":{"minecraft:spruce_sign":1,"minecraft:stone_axe":1,"minecraft:stone_sword":1,"minecraft:raw_copper":32,"minecraft:cobblestone":22,"minecraft:clay_ball":14,"projectvibrantjourneys:orange_bark_mushroom":3,"minecraft:coal":3,"pointblank:gunmetal_nugget":36,"minecraft:stick":8,"projectvibrantjourneys:light_brown_bark_mushroom":2,"minecraft:dark_oak_log":4,"minecraft:shield":1,"minecraft:gunpowder":1,"minecraft:wooden_sword":1,"minecraft:sand":25,"minecraft:stone_pickaxe":2,"minecraft:wooden_pickaxe":1,"projectvibrantjourneys:bark_mushroom":2,"minecraft:bone":2},"minecraft:killed_by":{"minecraft:zombie":1,"hordes:zombie_player":1},"minecraft:picked_up":{"minecraft:crafting_table":1,"minecraft:clay_ball":56,"minecraft:wooden_pickaxe":1,"minecraft:shield":1,"minecraft:gunpowder":3,"minecraft:raw_copper":131,"minecraft:iron_axe":1,"minecraft:wooden_sword":1,"minecraft:leather_boots":1,"minecraft:bone":2,"minecraft:apple":2,"minecraft:spruce_planks":16,"minecraft:stone_pickaxe":2,"minecraft:iron_ingot":1,"minecraft:wooden_shovel":1,"minecraft:furnace":1,"projectvibrantjourneys:light_brown_bark_mushroom":4,"minecraft:dark_oak_sapling":18,"minecraft:stick":31,"minecraft:raw_iron":14,"minecraft:sandstone":90,"projectvibrantjourneys:bark_mushroom":4,"minecraft:gravel":7,"pointblank:gunmetal_nugget":42,"minecraft:sand":85,"minecraft:spruce_sapling":7,"minecraft:spruce_log":126,"minecraft:dark_oak_log":27,"alexsmobs:animal_dictionary":1,"minecraft:stone_sword":2,"minecraft:rotten_flesh":4,"minecraft:tropical_fish":8,"minecraft:stone_axe":1,"minecraft:bone_meal":1,"minecraft:spruce_sign":1,"projectvibrantjourneys:orange_bark_mushroom":4,"minecraft:glow_berries":7,"minecraft:mutton":2,"minecraft:coal":41,"minecraft:white_wool":1,"minecraft:cobblestone":273},"minecraft:mined":{"minecraft:spruce_planks":16,"minecraft:dark_oak_log":19,"minecraft:clay":7,"minecraft:cave_vines_plant":6,"minecraft:copper_ore":22,"minecraft:cobblestone":23,"minecraft:spruce_leaves":1,"minecraft:sandstone":46,"minecraft:diorite":1,"projectvibrantjourneys:light_brown_bark_mushroom":1,"minecraft:furnace":1,"minecraft:iron_ore":14,"minecraft:spruce_log":85,"minecraft:grass":1,"minecraft:coal_ore":36,"minecraft:cave_vines":5,"projectvibrantjourneys:short_grass":3,"minecraft:sand":47,"minecraft:gravel":7,"minecraft:stone":212},"minecraft:killed":{"hordes:zombie_player":2,"minecraft:creeper":1,"hordes:drowned_player":1,"minecraft:sheep":1,"minecraft:zombie":2,"minecraft:tropical_fish":7}},"DataVersion":3465}