{"stats":{"minecraft:used":{"minecraft:suspicious_stew":3,"minecraft:oak_planks":2,"minecraft:potato":13},"minecraft:custom":{"minecraft:jump":490,"minecraft:open_chest":2,"minecraft:time_since_rest":25662,"minecraft:leave_game":1,"minecraft:crouch_one_cm":2439,"minecraft:walk_on_water_one_cm":26163,"minecraft:sprint_one_cm":46032,"minecraft:play_time":25662,"minecraft:damage_taken":50,"minecraft:time_since_death":25662,"minecraft:walk_one_cm":73042,"minecraft:sneak_time":669,"minecraft:total_world_time":25662,"minecraft:walk_under_water_one_cm":9686,"minecraft:swim_one_cm":22549,"minecraft:fall_one_cm":9360,"minecraft:fly_one_cm":82726}},"DataVersion":3465}