{"stats":{"minecraft:broken":{"minecraft:wooden_sword":1},"minecraft:custom":{"minecraft:time_since_rest":24493,"minecraft:sprint_one_cm":94114,"minecraft:damage_taken":638,"minecraft:walk_one_cm":129390,"minecraft:mob_kills":10,"minecraft:damage_dealt":2948,"minecraft:talked_to_villager":5,"minecraft:interact_with_crafting_table":2,"minecraft:fly_one_cm":118215,"minecraft:open_chest":6,"minecraft:crouch_one_cm":8482,"minecraft:play_time":24493,"minecraft:sneak_time":2027,"minecraft:jump":586,"minecraft:interact_with_blast_furnace":1,"minecraft:leave_game":1,"minecraft:time_since_death":24493,"minecraft:total_world_time":24493,"minecraft:fall_one_cm":15664,"minecraft:horse_one_cm":2178},"minecraft:crafted":{"minecraft:wooden_sword":1,"minecraft:oak_planks":16,"minecraft:crafting_table":2,"minecraft:stick":4,"minecraft:bread":12,"minecraft:wheat":36},"minecraft:mined":{"minecraft:hay_block":5,"minecraft:grass":17,"minecraft:oak_log":4,"minecraft:tall_grass":9},"minecraft:killed":{"minecraft:pig":4,"minecraft:iron_golem":2,"minecraft:villager":4},"minecraft:used":{"minecraft:bread":14,"minecraft:rotten_flesh":2,"minecraft:wooden_sword":71,"minecraft:crafting_table":2,"minecraft:porkchop":1,"minecraft:potato":13},"minecraft:picked_up":{"minecraft:porkchop":6,"minecraft:oak_log":4,"minecraft:string":1,"minecraft:arrow":1,"minecraft:bone":2,"minecraft:rotten_flesh":13,"minecraft:wheat_seeds":1,"minecraft:hay_block":4,"minecraft:iron_ingot":9,"minecraft:poppy":3}},"DataVersion":3465}