{"stats":{"minecraft:picked_up":{"minecraft:spruce_planks":27,"minecraft:jungle_planks":4,"minecraft:spruce_log":1,"minecraft:oak_planks":8},"minecraft:used":{"minecraft:wooden_axe":29,"minecraft:crafting_table":1,"minecraft:oak_planks":2,"minecraft:spruce_log":1},"minecraft:crafted":{"minecraft:oak_boat":1,"minecraft:crafting_table":1,"minecraft:stick":4,"minecraft:wooden_axe":1},"minecraft:custom":{"minecraft:time_since_rest":8647,"minecraft:open_chest":13,"minecraft:play_time":8647,"minecraft:sprint_one_cm":8884,"minecraft:walk_one_cm":17881,"minecraft:sneak_time":36,"minecraft:walk_under_water_one_cm":4748,"minecraft:jump":87,"minecraft:leave_game":1,"minecraft:time_since_death":8647,"minecraft:walk_on_water_one_cm":3676,"minecraft:total_world_time":8647,"minecraft:swim_one_cm":11717,"minecraft:interact_with_crafting_table":2,"minecraft:fall_one_cm":1486,"minecraft:fly_one_cm":7008},"minecraft:mined":{"minecraft:jungle_planks":4,"minecraft:spruce_planks":27,"minecraft:spruce_log":1,"minecraft:oak_planks":8}},"DataVersion":3465}