{"stats":{"minecraft:crafted":{"minecraft:oak_planks":36,"minecraft:crafting_table":3,"minecraft:spruce_planks":34,"minecraft:iron_helmet":1,"minecraft:wooden_pickaxe":3,"minecraft:furnace":2,"minecraft:stone_axe":3,"minecraft:air":0,"minecraft:iron_boots":1,"minecraft:diamond_pickaxe":1,"minecraft:stick":36,"minecraft:iron_leggings":1,"minecraft:iron_ingot":22,"minecraft:iron_pickaxe":1,"minecraft:stone_pickaxe":3,"minecraft:chest":1,"minecraft:stone_sword":1,"minecraft:torch":24},"minecraft:custom":{"minecraft:interact_with_furnace":21,"minecraft:mob_kills":5,"minecraft:interact_with_crafting_table":29,"minecraft:damage_dealt_resisted":13,"minecraft:leave_game":1,"minecraft:time_since_death":54116,"minecraft:sleep_in_bed":1,"minecraft:climb_one_cm":2475,"minecraft:time_since_rest":54145,"minecraft:sprint_one_cm":54822,"minecraft:damage_taken":1588,"minecraft:walk_one_cm":185193,"minecraft:damage_blocked_by_shield":210,"minecraft:drop":9,"minecraft:damage_dealt":1376,"minecraft:fly_one_cm":44756,"minecraft:open_chest":11,"minecraft:crouch_one_cm":505,"minecraft:play_time":73782,"minecraft:deaths":4,"minecraft:sneak_time":408,"minecraft:jump":776,"minecraft:interact_with_blast_furnace":1,"minecraft:total_world_time":73782,"minecraft:fall_one_cm":13671},"minecraft:dropped":{"minecraft:iron_ingot":7,"minecraft:iron_sword":1,"minecraft:sweet_berries":5,"projectvibrantjourneys:orange_bark_mushroom":1,"pointblank:gunmetal_nugget":2,"minecraft:leather_boots":1,"minecraft:leather_leggings":1,"minecraft:iron_pickaxe":1,"minecraft:iron_shovel":1},"minecraft:broken":{"minecraft:stone_pickaxe":1,"minecraft:iron_pickaxe":1},"minecraft:killed":{"hordes:zombie_player":2,"minecraft:zombie_villager":1,"minecraft:phantom":1,"minecraft:zombie":1},"minecraft:killed_by":{"minecraft:zombie":1,"hordes:zombie_player":3},"minecraft:mined":{"minecraft:tuff":5,"minecraft:diamond_ore":2,"minecraft:scaffolding":10,"minecraft:deepslate_diamond_ore":18,"minecraft:crafting_table":4,"minecraft:torch":1,"minecraft:grass_block":1,"minecraft:mushroom_stem":2,"minecraft:copper_ore":9,"minecraft:cobblestone":26,"minecraft:lapis_ore":6,"minecraft:oak_planks":11,"minecraft:wall_torch":1,"minecraft:cobbled_deepslate":5,"minecraft:iron_ore":20,"minecraft:acacia_wood":1,"minecraft:spruce_log":1,"minecraft:stripped_spruce_log":16,"minecraft:shroomlight":2,"minecraft:grass":4,"k_turrets:titanium_ore":2,"minecraft:deepslate_iron_ore":4,"minecraft:coal_ore":24,"projectvibrantjourneys:spruce_hollow_log":1,"minecraft:oak_log":3,"projectvibrantjourneys:short_grass":1,"minecraft:beetroots":4,"minecraft:oak_stairs":1,"minecraft:dripstone_block":10,"minecraft:dirt":5,"minecraft:stripped_oak_log":8,"minecraft:red_mushroom_block":8,"minecraft:stone":271,"minecraft:deepslate":158},"minecraft:picked_up":{"minecraft:stripped_oak_log":8,"minecraft:crafting_table":5,"minecraft:cooked_beef":38,"minecraft:leather_leggings":1,"minecraft:stone_slab":1,"minecraft:red_mushroom":4,"minecraft:acacia_wood":1,"minecraft:tuff":5,"minecraft:oak_log":3,"minecraft:shield":1,"minecraft:gunpowder":1,"minecraft:lapis_lazuli":41,"projectvibrantjourneys:spruce_hollow_log":1,"minecraft:dirt":6,"minecraft:moss_carpet":1,"minecraft:raw_copper":31,"minecraft:leather_boots":2,"minecraft:iron_shovel":1,"minecraft:shroomlight":1,"minecraft:beetroot":8,"minecraft:cobbled_deepslate":162,"minecraft:iron_ingot":7,"minecraft:stone_pickaxe":1,"minecraft:iron_pickaxe":1,"minecraft:oak_planks":13,"minecraft:iron_sword":1,"projectvibrantjourneys:light_brown_bark_mushroom":2,"minecraft:scaffolding":10,"minecraft:raw_iron":23,"minecraft:oak_door":1,"minecraft:sweet_berries":5,"minecraft:torch":2,"minecraft:dripstone_block":8,"pointblank:gunmetal_nugget":2,"minecraft:stripped_spruce_log":25,"minecraft:spruce_log":1,"alexsmobs:animal_dictionary":1,"minecraft:stone_sword":1,"minecraft:rotten_flesh":2,"minecraft:diamond":20,"minecraft:stone_axe":1,"minecraft:beetroot_seeds":9,"k_turrets:raw_titanium":4,"minecraft:bread":9,"projectvibrantjourneys:orange_bark_mushroom":1,"minecraft:coal":23,"minecraft:cobblestone":285},"minecraft:used":{"minecraft:moss_carpet":1,"minecraft:stone_sword":17,"minecraft:stone_pickaxe":148,"minecraft:chest":1,"minecraft:wooden_pickaxe":37,"minecraft:shield":8,"minecraft:torch":16,"minecraft:dirt":1,"minecraft:crafting_table":6,"minecraft:diamond_pickaxe":162,"minecraft:bread":3,"minecraft:iron_pickaxe":250,"minecraft:stone_axe":49,"minecraft:cobblestone":102,"minecraft:scaffolding":10,"minecraft:furnace":2,"minecraft:beetroot_seeds":1,"minecraft:acacia_wood":1,"minecraft:cooked_beef":7,"minecraft:cobbled_deepslate":146}},"DataVersion":3465}