{"stats":{"minecraft:mined":{"minecraft:dark_oak_planks":11,"minecraft:diamond_ore":2,"minecraft:tuff":6,"minecraft:deepslate_diamond_ore":18,"minecraft:red_sand":7,"minecraft:grass_block":1,"minecraft:soul_soil":1,"minecraft:soul_campfire":2,"minecraft:spruce_leaves":3,"minecraft:rooted_dirt":1,"minecraft:large_fern":1,"minecraft:tall_seagrass":1,"minecraft:spruce_sapling":2,"minecraft:fire":20,"minecraft:iron_ore":20,"minecraft:cobbled_deepslate":5,"minecraft:acacia_wood":1,"minecraft:stripped_spruce_log":16,"minecraft:vine":1,"minecraft:deepslate_iron_ore":4,"minecraft:shroomlight":2,"minecraft:oak_stairs":1,"minecraft:stripped_oak_log":8,"ecologics:walnut_log":13,"minecraft:blue_orchid":1,"minecraft:stone":280,"minecraft:scaffolding":10,"minecraft:cornflower":1,"minecraft:crafting_table":5,"minecraft:torch":1,"ecologics:walnut_leaves":79,"projectvibrantjourneys:natural_cobweb":3,"minecraft:mushroom_stem":2,"minecraft:tall_grass":15,"minecraft:copper_ore":9,"minecraft:cobblestone":47,"minecraft:lapis_ore":6,"minecraft:oak_planks":11,"minecraft:wall_torch":1,"minecraft:coarse_dirt":2,"minecraft:dark_oak_slab":1,"minecraft:spruce_log":8,"minecraft:birch_leaves":18,"minecraft:yellow_bed":1,"minecraft:stone_brick_stairs":1,"minecraft:grass":20,"k_turrets:titanium_ore":2,"minecraft:coal_ore":75,"projectvibrantjourneys:spruce_hollow_log":1,"minecraft:oak_log":3,"projectvibrantjourneys:short_grass":40,"minecraft:beetroots":4,"projectvibrantjourneys:pinecones":1,"minecraft:dripstone_block":10,"minecraft:dirt":7,"pointblank:workstation":1,"minecraft:cobweb":6,"minecraft:cracked_stone_bricks":2,"minecraft:red_mushroom_block":8,"minecraft:stone_bricks":5,"minecraft:mossy_stone_bricks":1,"minecraft:fern":6,"minecraft:deepslate":158},"minecraft:killed_by":{"minecraft:player":2,"hordes:zombie_player":8,"mutantmonsters:mutant_skeleton":2,"minecraft:skeleton":3,"minecraft:zombie":2},"minecraft:picked_up":{"minecraft:iron_chestplate":2,"minecraft:crafting_table":6,"minecraft:coarse_dirt":3,"minecraft:leather_leggings":1,"minecraft:lead":3,"minecraft:stone_slab":2,"usefulbackpacks:backpack_medium":1,"minecraft:stone_brick_stairs":2,"minecraft:shield":3,"minecraft:cornflower":1,"minecraft:soul_soil":3,"minecraft:string":11,"minecraft:moss_carpet":1,"minecraft:raw_copper":31,"minecraft:iron_leggings":3,"minecraft:iron_shovel":1,"minecraft:shroomlight":3,"ecologics:walnut_sapling":18,"minecraft:beetroot":8,"minecraft:cracked_stone_bricks":6,"minecraft:red_sand":7,"usefulbackpacks:backpack_small":1,"minecraft:cobbled_deepslate":162,"minecraft:bucket":1,"minecraft:beef":22,"alexsmobs:raccoon_tail":1,"minecraft:iron_pickaxe":1,"minecraft:birch_sapling":4,"pointblank:workstation":1,"pointblank:javelin_rocket":58,"minecraft:phantom_membrane":3,"minecraft:iron_boots":2,"minecraft:stick":15,"minecraft:raw_iron":23,"minecraft:oak_door":1,"ecologics:walnut_log":13,"minecraft:torch":23,"pointblank:smaw_rocket":55,"minecraft:porkchop":28,"pointblank:gunmetal_nugget":86,"minecraft:dark_oak_planks":8,"pointblank:smaw":1,"minecraft:diamond_chestplate":2,"minecraft:stone_sword":1,"minecraft:rotten_flesh":18,"minecraft:beetroot_seeds":9,"k_turrets:raw_titanium":8,"pointblank:m134minigun":2,"minecraft:mutton":11,"minecraft:white_wool":7,"minecraft:cobblestone":647,"minecraft:birch_log":6,"minecraft:stripped_oak_log":8,"ecologics:walnut_planks":67,"ecologics:walnut":24,"minecraft:feather":1,"minecraft:cooked_beef":51,"minecraft:leather":11,"minecraft:golden_leggings":1,"minecraft:red_mushroom":4,"minecraft:acacia_wood":1,"alexsmobs:bear_fur":1,"minecraft:flint":3,"minecraft:tuff":7,"minecraft:oak_log":3,"minecraft:lily_pad":3,"minecraft:yellow_bed":1,"minecraft:golden_boots":1,"minecraft:gunpowder":12,"minecraft:lapis_lazuli":123,"projectvibrantjourneys:spruce_hollow_log":1,"minecraft:dirt":64,"minecraft:leather_boots":2,"minecraft:bone":5,"minecraft:acacia_planks":31,"minecraft:stone_bricks":7,"minecraft:bow":1,"minecraft:wheat_seeds":7,"better_mob_food:cooked_flesh":25,"minecraft:stone_pickaxe":1,"minecraft:iron_ingot":9,"minecraft:mossy_stone_bricks":2,"minecraft:oak_planks":37,"minecraft:iron_sword":3,"projectvibrantjourneys:light_brown_bark_mushroom":5,"minecraft:scaffolding":10,"pointblank:m1014":1,"minecraft:dark_oak_slab":1,"pointblank:ammo556":10,"minecraft:sweet_berries":5,"minecraft:dripstone_block":8,"minecraft:gravel":1,"minecraft:stripped_spruce_log":43,"minecraft:spruce_sapling":8,"minecraft:spruce_log":22,"minecraft:dark_oak_log":1,"alexsmobs:animal_dictionary":3,"minecraft:diamond":38,"minecraft:spruce_boat":2,"minecraft:stone_axe":3,"minecraft:iron_helmet":3,"minecraft:bone_meal":9,"minecraft:bread":24,"minecraft:emerald":8,"projectvibrantjourneys:orange_bark_mushroom":1,"minecraft:rooted_dirt":1,"minecraft:oak_sapling":1,"minecraft:coal":127,"minecraft:diamond_pickaxe":3},"minecraft:custom":{"minecraft:mob_kills":44,"minecraft:interact_with_crafting_table":60,"minecraft:open_barrel":2,"minecraft:damage_dealt_resisted":14,"minecraft:leave_game":2,"minecraft:time_since_death":16273,"minecraft:climb_one_cm":3164,"minecraft:sprint_one_cm":263791,"minecraft:walk_one_cm":574081,"minecraft:damage_blocked_by_shield":975,"minecraft:drop":15,"minecraft:talked_to_villager":4,"minecraft:play_time":178184,"minecraft:deaths":18,"minecraft:sneak_time":556,"minecraft:walk_under_water_one_cm":5930,"minecraft:boat_one_cm":54990,"minecraft:jump":2307,"minecraft:interact_with_blast_furnace":1,"minecraft:walk_on_water_one_cm":6439,"minecraft:total_world_time":178184,"minecraft:interact_with_furnace":74,"minecraft:sleep_in_bed":3,"minecraft:time_since_rest":16304,"minecraft:damage_taken":6839,"minecraft:damage_absorbed":40,"minecraft:damage_dealt":6047,"minecraft:swim_one_cm":6332,"minecraft:fly_one_cm":271731,"minecraft:open_chest":70,"minecraft:crouch_one_cm":579,"minecraft:fall_one_cm":49441},"minecraft:used":{"minecraft:moss_carpet":1,"minecraft:red_sand":7,"minecraft:stone_sword":17,"minecraft:chest":1,"minecraft:shield":37,"minecraft:iron_sword":41,"minecraft:stone_hoe":80,"minecraft:torch":16,"minecraft:dirt":7,"minecraft:tuff":1,"minecraft:spruce_boat":1,"minecraft:rooted_dirt":1,"better_mob_food:cooked_flesh":11,"minecraft:stone_brick_stairs":1,"minecraft:stone_bricks":5,"minecraft:bow":2,"minecraft:goat_horn":3,"minecraft:scaffolding":10,"minecraft:soul_soil":3,"minecraft:furnace":6,"minecraft:beetroot_seeds":1,"minecraft:acacia_wood":1,"minecraft:cooked_beef":42,"minecraft:cobbled_deepslate":146,"minecraft:golden_axe":20,"minecraft:mossy_stone_bricks":1,"minecraft:stone_pickaxe":148,"minecraft:wooden_pickaxe":37,"ecologics:walnut_sapling":4,"minecraft:golden_apple":1,"minecraft:crafting_table":12,"minecraft:dripstone_block":6,"minecraft:diamond_pickaxe":271,"minecraft:bread":12,"minecraft:iron_pickaxe":250,"minecraft:spruce_sapling":4,"minecraft:stone_axe":189,"minecraft:cobblestone":178,"minecraft:cooked_porkchop":18,"minecraft:bucket":1,"minecraft:coarse_dirt":1,"minecraft:bone_meal":9},"minecraft:dropped":{"minecraft:iron_ingot":7,"minecraft:iron_sword":1,"minecraft:wheat_seeds":1,"projectvibrantjourneys:orange_bark_mushroom":1,"usefulbackpacks:backpack_small":1,"minecraft:iron_pickaxe":1,"minecraft:iron_shovel":1,"minecraft:lily_pad":1,"minecraft:bone":6,"minecraft:sweet_berries":5,"pointblank:gunmetal_nugget":2,"minecraft:leather_boots":1,"minecraft:leather_leggings":1,"better_mob_food:cooked_flesh":23},"minecraft:broken":{"minecraft:stone_pickaxe":1,"minecraft:iron_pickaxe":1},"minecraft:killed":{"hordes:zombie_player":3,"minecraft:phantom":1,"minecraft:horse":1,"alexsmobs:blue_jay":1,"minecraft:pig":16,"minecraft:zombie_villager":1,"minecraft:sheep":7,"minecraft:zombie":1,"minecraft:cow":12},"minecraft:crafted":{"minecraft:oak_planks":36,"usefulbackpacks:backpack_small":1,"minecraft:furnace":6,"ecologics:walnut_wood":9,"minecraft:bow":1,"minecraft:iron_boots":1,"minecraft:stone_pickaxe":3,"minecraft:chest":1,"usefulbackpacks:backpack_medium":1,"minecraft:spruce_boat":1,"minecraft:dark_oak_planks":4,"minecraft:stone_hoe":1,"minecraft:cooked_beef":21,"minecraft:cooked_porkchop":18,"minecraft:crafting_table":8,"minecraft:spruce_planks":98,"minecraft:iron_helmet":1,"minecraft:wooden_pickaxe":3,"minecraft:iron_sword":1,"better_mob_food:cooked_flesh":47,"minecraft:stone_axe":4,"minecraft:air":0,"minecraft:white_wool":8,"minecraft:diamond_pickaxe":1,"minecraft:stick":36,"minecraft:iron_ingot":22,"minecraft:iron_pickaxe":1,"minecraft:stone_sword":1,"minecraft:iron_leggings":1,"minecraft:torch":24,"minecraft:diamond_chestplate":1}},"DataVersion":3465}